check_id,confidence,cwe_folder,file,issue,severity,test_name,tool
,LOW,CWE-89-SQLi,/home/kali/Desktop/LLM-Vuln-Project/CWE-89-SQLi/chatgpt_insecure.py,Possible SQL injection vector through string-based query construction.,MEDIUM,hardcoded_sql_expressions,bandit
,LOW,CWE-89-SQLi,/home/kali/Desktop/LLM-Vuln-Project/CWE-89-SQLi/copilot_insecure.py,Possible SQL injection vector through string-based query construction.,MEDIUM,hardcoded_sql_expressions,bandit
,LOW,CWE-89-SQLi,/home/kali/Desktop/LLM-Vuln-Project/CWE-89-SQLi/gemini_insecure.py,Possible SQL injection vector through string-based query construction.,MEDIUM,hardcoded_sql_expressions,bandit
,LOW,CWE-89-SQLi,/home/kali/Desktop/LLM-Vuln-Project/CWE-89-SQLi/gemini_logic_insecure.py,Possible SQL injection vector through string-based query construction.,MEDIUM,hardcoded_sql_expressions,bandit
,LOW,CWE-89-SQLi,/home/kali/Desktop/LLM-Vuln-Project/CWE-89-SQLi/perplexity_insecure.py,Possible SQL injection vector through string-based query construction.,MEDIUM,hardcoded_sql_expressions,bandit
,HIGH,CWE-78-OS-Command-Injection,/home/kali/Desktop/LLM-Vuln-Project/CWE-78-OS-Command-Injection/chatgpt_insecure.py,"Starting a process with a shell, possible injection detected, security issue.",HIGH,start_process_with_a_shell,bandit
,HIGH,CWE-78-OS-Command-Injection,/home/kali/Desktop/LLM-Vuln-Project/CWE-78-OS-Command-Injection/chatgpt_secure.py,Consider possible security implications associated with the subprocess module.,LOW,blacklist,bandit
,HIGH,CWE-78-OS-Command-Injection,/home/kali/Desktop/LLM-Vuln-Project/CWE-78-OS-Command-Injection/chatgpt_secure.py,Starting a process with a partial executable path,LOW,start_process_with_partial_path,bandit
,HIGH,CWE-78-OS-Command-Injection,/home/kali/Desktop/LLM-Vuln-Project/CWE-78-OS-Command-Injection/chatgpt_secure.py,subprocess call - check for execution of untrusted input.,LOW,subprocess_without_shell_equals_true,bandit
,MEDIUM,CWE-78-OS-Command-Injection,/home/kali/Desktop/LLM-Vuln-Project/CWE-78-OS-Command-Injection/chatgpt_secure.py,Probable insecure usage of temp file/directory.,MEDIUM,hardcoded_tmp_directory,bandit
,HIGH,CWE-78-OS-Command-Injection,/home/kali/Desktop/LLM-Vuln-Project/CWE-78-OS-Command-Injection/copilot_insecure.py,"Starting a process with a shell, possible injection detected, security issue.",HIGH,start_process_with_a_shell,bandit
,HIGH,CWE-78-OS-Command-Injection,/home/kali/Desktop/LLM-Vuln-Project/CWE-78-OS-Command-Injection/copilot_secure.py,Consider possible security implications associated with the subprocess module.,LOW,blacklist,bandit
,HIGH,CWE-78-OS-Command-Injection,/home/kali/Desktop/LLM-Vuln-Project/CWE-78-OS-Command-Injection/copilot_secure.py,Starting a process with a partial executable path,LOW,start_process_with_partial_path,bandit
,HIGH,CWE-78-OS-Command-Injection,/home/kali/Desktop/LLM-Vuln-Project/CWE-78-OS-Command-Injection/copilot_secure.py,subprocess call - check for execution of untrusted input.,LOW,subprocess_without_shell_equals_true,bandit
,HIGH,CWE-78-OS-Command-Injection,/home/kali/Desktop/LLM-Vuln-Project/CWE-78-OS-Command-Injection/gemini_insecure.py,"Starting a process with a shell, possible injection detected, security issue.",HIGH,start_process_with_a_shell,bandit
,HIGH,CWE-78-OS-Command-Injection,/home/kali/Desktop/LLM-Vuln-Project/CWE-78-OS-Command-Injection/gemini_logic_insecure.py,"Starting a process with a shell, possible injection detected, security issue.",HIGH,start_process_with_a_shell,bandit
,HIGH,CWE-78-OS-Command-Injection,/home/kali/Desktop/LLM-Vuln-Project/CWE-78-OS-Command-Injection/gemini_secure.py,Consider possible security implications associated with the subprocess module.,LOW,blacklist,bandit
,HIGH,CWE-78-OS-Command-Injection,/home/kali/Desktop/LLM-Vuln-Project/CWE-78-OS-Command-Injection/gemini_secure.py,Starting a process with a partial executable path,LOW,start_process_with_partial_path,bandit
,HIGH,CWE-78-OS-Command-Injection,/home/kali/Desktop/LLM-Vuln-Project/CWE-78-OS-Command-Injection/gemini_secure.py,subprocess call - check for execution of untrusted input.,LOW,subprocess_without_shell_equals_true,bandit
,HIGH,CWE-78-OS-Command-Injection,/home/kali/Desktop/LLM-Vuln-Project/CWE-78-OS-Command-Injection/perplexity_insecure.py,"Starting a process with a shell, possible injection detected, security issue.",HIGH,start_process_with_a_shell,bandit
,HIGH,CWE-78-OS-Command-Injection,/home/kali/Desktop/LLM-Vuln-Project/CWE-78-OS-Command-Injection/perplexity_secure.py,Consider possible security implications associated with the subprocess module.,LOW,blacklist,bandit
,HIGH,CWE-78-OS-Command-Injection,/home/kali/Desktop/LLM-Vuln-Project/CWE-78-OS-Command-Injection/perplexity_secure.py,Starting a process with a partial executable path,LOW,start_process_with_partial_path,bandit
,HIGH,CWE-78-OS-Command-Injection,/home/kali/Desktop/LLM-Vuln-Project/CWE-78-OS-Command-Injection/perplexity_secure.py,subprocess call - check for execution of untrusted input.,LOW,subprocess_without_shell_equals_true,bandit
,HIGH,CWE-327-Weak-Cryptography,/home/kali/Desktop/LLM-Vuln-Project/CWE-327-Weak-Cryptography/chatgpt_insecure.py,The pyCrypto library and its module AES are no longer actively maintained and have been deprecated. Consider using pyca/cryptography library.,HIGH,blacklist,bandit
,HIGH,CWE-327-Weak-Cryptography,/home/kali/Desktop/LLM-Vuln-Project/CWE-327-Weak-Cryptography/chatgpt_insecure.py,Use of weak MD5 hash for security. Consider usedforsecurity=False,HIGH,hashlib,bandit
,HIGH,CWE-327-Weak-Cryptography,/home/kali/Desktop/LLM-Vuln-Project/CWE-327-Weak-Cryptography/copilot_insecure.py,The pyCrypto library and its module DES are no longer actively maintained and have been deprecated. Consider using pyca/cryptography library.,HIGH,blacklist,bandit
,HIGH,CWE-327-Weak-Cryptography,/home/kali/Desktop/LLM-Vuln-Project/CWE-327-Weak-Cryptography/copilot_insecure.py,Use of insecure cipher Crypto.Cipher.DES.new. Replace with a known secure cipher such as AES.,HIGH,blacklist,bandit
,HIGH,CWE-327-Weak-Cryptography,/home/kali/Desktop/LLM-Vuln-Project/CWE-327-Weak-Cryptography/copilot_secure.py,The pyCrypto library and its module AES are no longer actively maintained and have been deprecated. Consider using pyca/cryptography library.,HIGH,blacklist,bandit
,HIGH,CWE-327-Weak-Cryptography,/home/kali/Desktop/LLM-Vuln-Project/CWE-327-Weak-Cryptography/copilot_secure.py,The pyCrypto library and its module get_random_bytes are no longer actively maintained and have been deprecated. Consider using pyca/cryptography library.,HIGH,blacklist,bandit
,HIGH,CWE-327-Weak-Cryptography,/home/kali/Desktop/LLM-Vuln-Project/CWE-327-Weak-Cryptography/gemini_insecure.py,The pyCrypto library and its module AES are no longer actively maintained and have been deprecated. Consider using pyca/cryptography library.,HIGH,blacklist,bandit
,HIGH,CWE-327-Weak-Cryptography,/home/kali/Desktop/LLM-Vuln-Project/CWE-327-Weak-Cryptography/gemini_insecure.py,The pyCrypto library and its module pad are no longer actively maintained and have been deprecated. Consider using pyca/cryptography library.,HIGH,blacklist,bandit
,HIGH,CWE-327-Weak-Cryptography,/home/kali/Desktop/LLM-Vuln-Project/CWE-327-Weak-Cryptography/gemini_secure.py,The pyCrypto library and its module AES are no longer actively maintained and have been deprecated. Consider using pyca/cryptography library.,HIGH,blacklist,bandit
,HIGH,CWE-327-Weak-Cryptography,/home/kali/Desktop/LLM-Vuln-Project/CWE-327-Weak-Cryptography/gemini_secure.py,The pyCrypto library and its module get_random_bytes are no longer actively maintained and have been deprecated. Consider using pyca/cryptography library.,HIGH,blacklist,bandit
,HIGH,CWE-94-Code-Injection,/home/kali/Desktop/LLM-Vuln-Project/CWE-94-Code-Injection/chatgpt_insecure.py,Use of possibly insecure function - consider using safer ast.literal_eval.,MEDIUM,blacklist,bandit
,HIGH,CWE-94-Code-Injection,/home/kali/Desktop/LLM-Vuln-Project/CWE-94-Code-Injection/copilot_insecure.py,Use of possibly insecure function - consider using safer ast.literal_eval.,MEDIUM,blacklist,bandit
,HIGH,CWE-94-Code-Injection,/home/kali/Desktop/LLM-Vuln-Project/CWE-94-Code-Injection/copilot_logic_additional_insecure.py,Use of possibly insecure function - consider using safer ast.literal_eval.,MEDIUM,blacklist,bandit
,HIGH,CWE-94-Code-Injection,/home/kali/Desktop/LLM-Vuln-Project/CWE-94-Code-Injection/copilot_secure.py,Use of possibly insecure function - consider using safer ast.literal_eval.,MEDIUM,blacklist,bandit
,HIGH,CWE-94-Code-Injection,/home/kali/Desktop/LLM-Vuln-Project/CWE-94-Code-Injection/gemini_insecure.py,Use of possibly insecure function - consider using safer ast.literal_eval.,MEDIUM,blacklist,bandit
,HIGH,CWE-94-Code-Injection,/home/kali/Desktop/LLM-Vuln-Project/CWE-94-Code-Injection/gemini_secure.py,Use of possibly insecure function - consider using safer ast.literal_eval.,MEDIUM,blacklist,bandit
,HIGH,CWE-94-Code-Injection,/home/kali/Desktop/LLM-Vuln-Project/CWE-94-Code-Injection/perplexity_insecure.py,Use of possibly insecure function - consider using safer ast.literal_eval.,MEDIUM,blacklist,bandit
python-md5-weak-hash,,CWE-327,/home/kali/Desktop/LLM-Vuln-Project/CWE-327-Weak-Cryptography/chatgpt_insecure.py,Use of MD5 hash (weak cryptography - CWE-327),WARNING,,semgrep
python-eval-detected,,CWE-94,/home/kali/Desktop/LLM-Vuln-Project/CWE-94-Code-Injection/chatgpt_insecure.py,Use of eval() detected (possible code injection),ERROR,,semgrep
python-eval-detected,,CWE-94,/home/kali/Desktop/LLM-Vuln-Project/CWE-94-Code-Injection/copilot_insecure.py,Use of eval() detected (possible code injection),ERROR,,semgrep
python-eval-detected,,CWE-94,/home/kali/Desktop/LLM-Vuln-Project/CWE-94-Code-Injection/copilot_logic_additional_insecure.py,Use of eval() detected (possible code injection),ERROR,,semgrep
python-eval-detected,,CWE-94,/home/kali/Desktop/LLM-Vuln-Project/CWE-94-Code-Injection/copilot_secure.py,Use of eval() detected (possible code injection),ERROR,,semgrep
python-eval-detected,,CWE-94,/home/kali/Desktop/LLM-Vuln-Project/CWE-94-Code-Injection/gemini_insecure.py,Use of eval() detected (possible code injection),ERROR,,semgrep
python-eval-detected,,CWE-94,/home/kali/Desktop/LLM-Vuln-Project/CWE-94-Code-Injection/gemini_secure.py,Use of eval() detected (possible code injection),ERROR,,semgrep
python-eval-detected,,CWE-94,/home/kali/Desktop/LLM-Vuln-Project/CWE-94-Code-Injection/perplexity_insecure.py,Use of eval() detected (possible code injection),ERROR,,semgrep
